{"USD_RUB": 73.200904, "RUB_USD": 0.013661}